'DebonaireSloth','1'
'teh_proto','1'
'Spydiggity','1'
'xisytenin','3'
'benthinksit','1'
'pion3435','2'
'RyanTheQ','1'
'LeYellingDingo','2'
'Gamepower25','1'
'CodeMonkeys','1'
'andyOrbit','1'
'drecklia','1'
'javelinnl','1'
'beauwilliams','1'
'mburke6','1'
'chilari','1'
'meowmotherf_cker','1'
'aykcak','1'
'daria-darko','1'
'AdonisChrist','2'
'Kromgar','1'
'takeAStepNImOnMyWay','1'
'Mildebeest','1'
'whalemingo','1'
'Jonster123','1'
'JimRayCooper','1'
'TheBold','1'
'Gilandb','1'
'lenauren','2'
'Zookerman73','1'
'Sunflower1237','1'
'fetusy','2'
'Suhmedoh','1'
'stinkskc','1'
'jackfirecracker','1'
'JustARandomGerman','1'
'notablueberry','1'
'folcolpezmeraz','1'
'MDO4KD','1'
'cerveza1980','1'
'memesR2dank','1'
'kittkatzi83','1'
'LittleHelperRobot','3'
'BaconoftheGods','2'
'gsnedders','1'
'Neo__Nosferatu','1'
'Tony_Sacrimoni','1'
'jsimmons153','1'
'aceoftrachs','1'
'Creshal','1'
'YabbaTroll','1'
'prometheusg','1'
'TBHBP','1'
'Calamity701','1'
'EstusFiend','1'
'cherrysherbet','1'
'Eagle_spirit','1'
'Cheesemacher','1'
'drunkwithanxiety','1'
'Zorthianator','2'
'GreyscaleCheese','2'
'NeonRedSharpie','1'
'civildefense','1'
'PSouthern','1'
'fireballtr','1'
'tr3n','1'
'batsdx','1'
'MaeBeWeird','1'
'AcidCyborg','1'
'ranma08','1'
'Lowbacca1977','1'
'MrGoodbytes','1'
'Smart3k','1'
'alx359','1'
'Hankythepanky','1'
'esmifra','1'
'mattion','1'
'ImmatureMaTt','1'
'2008OL','1'
'jparksup','1'
'hzg0','1'
'ItWasDumblydore','1'
'ESPN_outsider','1'
'sd404','1'
'X_Spired_Aspirations','1'
'aphixa','2'
'jackcatalyst','1'
'pdeluc99','1'
'Figmansax','1'
'flame49271','1'
'justcuz2','1'
'iiredsoxii','1'
'Avatar_Of_Brodin','1'
'nermid','4'
'reputable_opinion','1'
'thatotherguy9','1'
'rustajb','1'
'necromundus','1'
'Soddington','2'
'occupythekitchen','2'
'foreverburning','1'
'Shimasaki','1'
'MundiMori','1'
'pointmanzero','1'
'AlexanderTheJustOk','1'
'Kiefyking','1'
'abcirulis','1'
'AWildEnglishman','1'
'literallyneo','1'
'Ausares','1'
'RangerUK','1'
'koticgood','1'
'YourBracesHaveHairs','1'
'unpossible_form','1'
'Futureborg','1'
'cityguy01','1'
'skie1994','1'
'cgimusic','1'
'Soul_Purpose','1'
'N307H30N3','1'
'TheConnorCraig','1'
'jmerridew124','1'
'neozee','1'
'CJ_Guns','1'
'Seacroc','1'
'Lasair','1'
'Pull_Pin_Throw_Away','1'
'apsmc','1'
'broconsulate','1'
'LPodyssey07','1'
'Afrazzle','1'
'Rench27','1'
'dryhumpingthecashcow','1'
'Na3s','3'
'divinecomics','1'
'Macpunk','1'
'PublicRemedy','1'
'mrbooze','2'
'klanny','1'
'lolle23','1'
'chocolate_shitty','1'
'orangefly','1'
'Mason-B','1'
'Seth1993','1'
'TheLightningbolt','1'
'Ferreur','1'
'Nemesis6','1'
'SlowTape','1'
'psuskifan','1'
'ShellOilNigeria','1'
'douglasg14b','1'
'GluteusMax','1'
'banned_1_time','1'
'owbeunds','1'
'RedditRepostNazi','1'
'tupendous','1'
'trynstpme64','1'
'greetingstoyou','1'
'kevin_fu9ar','1'
'v1LLy','1'
'Ne007','2'
'PMinisterOfMalaysia','1'
'CleanBill','1'
'cornfrontation','2'
'Meh_WhyNot','1'
'TheInkerman','1'
'Robrev6','1'
'q_-_p','1'
'reddilada','1'
'ASK_IF_IM_PENGUIN','2'
'Indon_Dasani','3'
'mrcavooter','1'
'mousewiz','1'
'dantepicante','2'
'PCGAMERONLY','2'
'snaverevilo','1'
'_Sweater_Puppies_','2'
'payik','1'
'bot_bot_bot','2'
'ProxyReaper','1'
'MissingJet','1'
'ifilookbackiamlost','2'
'jonnybanana88','1'
'StupidSexyPhlanders','1'
'ThisIsWhyIFold','2'
'Meem0','1'
'Casemods','1'
'Queef-Latinah','1'
'thenotlowone','1'
'meatb4ll','1'
'thetrustyservant','1'
'zibber99','1'
'jb2386','1'
'dhiggs','1'
'dirtymuffins23','1'
'larvfinger','1'
'ButterflyAttack','3'
'Carukia-barnesi','1'
'Paulentropy','1'
'ReadReRead','1'
'someguysaid','1'
'lunaprospect','2'
'clevername71','1'
'ShivanMarauder','1'
'turquoisestoned','1'
'Sebsebzen','1'
'blat_woman','1'
'SpecterGT260','1'
'TheEyeDontLie','1'
'omniron','2'
'Tiwato','1'
'RandomHero03','1'
'mHtt','1'
'uwatfordm8','1'
'Percussionist61','1'
'Nickthegreek28','1'
'idonotget_it','1'
'probably_your_wife','1'
'What_is_this_1990','1'
'greennick','1'
'TedFartass','1'
'Aaberg123','1'
'dewbiestep','1'
'ryanakata','1'
'wydra91','1'
'hazmaximus','1'
'nervousnedflanders','1'
'DerekSavoc','2'
'GeorgeClooneysToupee','1'
'Middleman79','1'
'johndarling','1'
'LouisGDMNMarloweLitt','1'
'TheEpicTurban','1'
'blindbug','1'
'Michael_Fazio','1'
'Sanwi','1'
'CapnJaques','1'
'hack_jalsey','1'
'skyroket','1'
'ProfessionalSmeghead','1'
'Callmedodge','2'
'catullus48108','1'
'deviantsource','1'
'NotKony','1'
'Crow_The_Robot','1'
'jonassteele','1'
'SnoopKittyCat','1'
'EggoWafflessss','2'
'Trueogre','1'
'liskoturri','10'
'sixrustyspoons','1'
'YetiDeli','1'
'FoosJunkie','1'
'kleecksj','1'
'ausernameitis','1'
'Malazin','1'
'JewInDaHat','1'
'Acronomicon','1'
'planetinternet','1'
'I_Tread_Lightly','1'
'tiduz1492','1'
'kcazllerraf','1'
'clever_octopus','1'
'Andrew_Waltfeld','1'
'Philkindred1','1'
'dieselphiend','1'
'fatfook','1'
'redjimdit','1'
'Toptomcat','1'
'school_o_fart','1'
'random989898','1'
'witzelsuchty','1'
'Nugatorysurplusage','1'
'sinisterleftie','1'
'McLovin804','1'
'Jasmine_lol','1'
'S0berThrowaway','1'
'sum_dude','1'
'bacondev','2'
'stumblemuffin','1'
'melodic_mouse','1'
'MeMuzzta','1'
'mindbleach','1'
'htallen','1'
'bluegender03','1'
'SageWaterDragon','1'
'Tobi-tre-fot','1'
'runMechanical','1'
'Oilfield__Trash','3'
'RapedByPlushies','1'
'8ctostoned','2'
'TheOrder03','1'
'Ryugar','2'
'Filly_Fally','1'
'Solctice89','1'
'Godscrasher','2'
'allstarbortles','1'
'Darth_Nacho','1'
'AndoDaan','1'
'Rumbubble','1'
'weirdstrangethinking','1'
'benzi2box','1'
'CoffeeNTrees','1'
'jaztitch','1'
'nprovein','1'
'Nevare88','1'
'paperhat','1'
'FaustyArchaeus','1'
'skoy','1'
'lasyke3','1'
'br0ck_sams0n','1'
'ampmz','1'
'fluffyspidernuts','1'
'super_octopus','1'
'AldurinIronfist','2'
'Klegran','1'
'Allahsus','1'
'someoldbullshit','1'
'TwentyFirstNight','1'
'thpasswordisusername','1'
'Hollisterical','1'
'squishybloo','3'
'Villanueba','1'
'Isawthesplind','1'
'SerShanksALot','2'
'NAMASTE_BITCHES','1'
'TheFacistEye','1'
'qwertymodo','1'
'BuzzBumb','1'
'well_golly','4'
'Come_To_r_Polandball','1'
'cheetofingerz','1'
'Orvy','1'
'PunishableOffence','1'
'kit8642','1'
'Stuck_In_the_Matrix','1'
'bobloki','1'
'mrs-syndicate','1'
'IndieKidNotConvert','1'
'AnotherClosetAtheist','3'
'DineLointHarpie','1'
'bionicback','17'
'WillPrlySugstClassix','1'
'BaliCoffee','1'
'ThatBigHorsey','1'
'bobsil1','1'
'djevikkshar','1'
'm00fire','1'
'crookedwheel','1'
'Krugen76','1'
'ask_me_about_ALIVE','1'
'capnofasinknship','1'
'Gellert','1'
'CowboyAstronautClown','1'
'elkazzay','1'
'MT_Flesch','2'
'panthers_fan_420','1'
'ASovietSpy','1'
'renamdu','1'
'NearlyNormal2','1'
'should_be_higher','1'
'DFullz','1'
'household_6','1'
'DeathSpok','1'
'lukin187250','1'
'GDMuffinMan','1'
'FatTonySpumoni','1'
'AndThatIsWhyIDrink','1'
'PhillAholic','1'
'BigAppleBag','1'
'TTheorem','3'
'Soljah','1'
'slightlyobvious','1'
'menefreghisto','1'
'Swipecat','1'
'Abohir','1'
'LomionJones','1'
'Infinitopolis','1'
'baronsoloman','1'
'kainel','1'
'MrTastix','1'
'Rubcionnnnn','1'
'mormotomyia','1'
'ReadsSmallTextWrong','1'
'TheGenerico','1'
'dingdingding2','1'
'Squippit','1'
'not_so_eloquent','1'
'sabasNL','6'
'cguy1234','1'
'UncleMeat','1'
'Moscamst','2'
'beepbeepimajeepLLC','1'
'Kratzyyy','1'
'tbare','1'
'danear','2'
'Bette21','3'
'tfwnoblackgf','1'
'master_implosion','1'
'DrunkenRabbitt','1'
'Geordant','1'
'Cutsman4057','1'
'occams--chainsaw','1'
'Reicht','1'
'localguy69','1'
'braintrustinc','2'
'Aqquila89','1'
'a_tad_mental','1'
'NBegovich','1'
'treiz','1'
'Thistleknot','1'
'RinaWithAK','1'
'OfTheShire','1'
'badsingularity','1'
'Shakes8993','1'
'Robbo_here','1'
'2mice','1'
'chicapox','1'
'PulseAmplification','1'
'tuxedoburrito','1'
'MarchionessofMayhem','1'
'systemhost','1'
'MrRobotos_weenis','3'
'Lovv','1'
'naturecollision','1'
'StosifJalin','1'
'Trevor_GoodchiId','1'
'dashrandom','1'
'HighendBark','1'
'Orc_Pawn00','1'
'bigbluegrass','1'
'username1993','1'
'InternetBodhisattva','1'
'Senogad','1'
'KlicknKlack','1'
'nthitz','1'
'puntodecruz','1'
'TAU_doesnt_equal_2PI','1'
'RussiaNeverLies','1'
'tokyozombie','1'
'phire','1'
'mrgamer_11','1'
'Radeeku','1'
'AWoodenFishOnWheels','1'
'moonshoeslol','1'
'etrnloptimist','1'
'xiMbd03u1','1'
'TIMElordsTARDis','1'
'grrirrd','1'
'SlappaDatBass','2'
'ericistheend','1'
'AllTattedUpJay','1'
'seewhaticare','1'
'This_Is_My_Opinion_','1'
'Figerox','1'
'kmm3','2'
'Shatophiliac','1'
'TheOriginalGio','1'
'Denny_Craine','1'
'thelieswetell','1'
'xsuitup','1'
'Umbrius','1'
'SonicMaster12','1'
'lilcashew','1'
'subdep','1'
'fdiolk','1'
'2birds1bone','1'
'maikelg','1'
'erveek','1'
'polar_bear_cub_scout','1'
'philmoskowitz','1'
'chodan9','1'
'TankinFrank','1'
'emrys1','1'
'shoziku','1'
'idoit4thedownvotes','1'
'Sardonnicus','1'
'barbmalley','1'
'Sempais_nutrients','1'
'RubyVesper','1'
'gibsoncoca','1'
'Wordygit','1'
'getomit','1'
'Ninbyo','1'
'hezwat','2'
'pouponstoops','1'
'FabricatiDiemPvnc','1'
'ReasonReader','2'
'Epichp','1'
'grod0','1'
'inthyface','1'
'kulkke','1'
'Prestler6','1'
'Cheddar_Curtain','1'
'sephlington','1'
'AppleAtrocity','1'
'Im_Fuming','1'
'MissChievousJ','1'
'TheDirtWizard','3'
'fjw','1'
'Killa__Beez','1'
'GetsGold','1'
'AnxietyMan','1'
'A1A5KA','1'
'Its_not_the_case','2'
'box-art','1'
'ForObviousReaons','1'
'Tripoteur','1'
'Frogman7','2'
'anahuac-a-mole','1'
'Grilled_Cheesy','1'
'keela0152','1'
'Slap-Happy27','1'
'MasterLawlz','1'
'JakeFromStateFarm0','3'
'fatalcharm','1'
'finc','1'
'helix19','2'
'highdiver_2000','1'
'ChickenOfDoom','2'
'spiderobert','1'
'4floorsofwhores','1'
'PleaseRespectTables','1'
'Zachdragon100','1'
'Nozame','1'
'NotFromReddit','1'
'nefariouslothario','1'
'CompMolNeuro','1'
'cha614','1'
'Se7enLC','1'
'anacondatmz','1'
'KingNick','1'
'Jman0123','1'
'Mista_Wong','1'
'Hard_Bodied_Man','1'
'TheRealEndfall','1'
'eabradley1108','1'
'JustCallMeDave','1'
'Shiftlock0','1'
'magelanz','1'
'RobHag','1'
'Kegsta','1'
'christ0ph','1'
'vegetaman','2'
'michaelnoir','1'
'DanKolar62','1'
'HyliaSymphonic','1'
'PennyTrait','1'
'giantfitnerd','1'
'fadetoblack1004','1'
'camabron','1'
'Death_to_Fascism','1'
'tinacat933','1'
'thebeginningistheend','1'
'Daforce1','1'
'redditcommander','1'
'hockeyandlegos','1'
'melderoy','1'
'mw2dude2010','1'
'tasty_serving','1'
'capontransfix','2'
'NiteNiteSooty','1'
'Kismonos','1'
'DuckyCrayfish','3'
'daginor','1'
'khast','1'
'wowzaa','2'
'OMGSPACERUSSIA','1'
'SpcAgentOrange','1'
'pwnedkiller','1'
'nixtamal','1'
'Blue_Dragon360','1'
'DavittNSW2','1'
'ADHD_Queen','1'
'RalphNLD','2'
'Uk72','1'
'qspec02','1'
'sonicSkis','1'
'optum','1'
'portugalthephilosoph','1'
'siddharth_ss','1'
'KoopaLink','1'
'GOLTRON','1'
'DeadPand','1'
'mecaenas','1'
'FearlessFreep','1'
'TheAngryGnom3','1'
'minerlj','1'
'Psycroptic','2'
'kutNpaste','2'
'AllfatherPidgeon','6'
'Black_Fury','1'
'TotesMessenger','1'
'TheStumpyOne','1'
'Baseproduct','1'
'shanzaykhan110','1'
'BunnyLurksInShadow','2'
'Mohaan','1'
'Gapmasta','1'
'LilSebastiensGhost','1'
'Scientolojesus','1'
'CrazyLeprechaun','2'
'antaios256','1'
'Psychonautics101','1'
'un_salamandre','1'
'HunterSThompson_says','4'
'morganational','2'
'UsediPhoneSalesman','2'
'ElHombreDelQueso','1'
'bambonk','1'
'Squirrel_Boy_1','1'
'kurtu5','1'
'skynex1','1'
'gregsg','1'
'Zeitgeis1','1'
'whenismytie','1'
'jozzarozzer','3'
'dimmidice','1'
'philko42','1'
'parflagen','1'
'octothorpopus','1'
'Emerald_Triangle','1'
'daninjaj13','1'
'xxkoloblicinxx','1'
'PIGamer86','1'
'05banks','1'
'Sms_Boy','1'
'Alexi_Bosconovich','1'
'nankerjphelge','1'
'mwgorrion','1'
'teh_fizz','1'
'SnapsCheese','2'
'SkuloftheLEECH','1'
'Cthulhu96','1'
'COCAINE_BABY','1'
'CaptainBayouBilly','1'
'Irythros','1'
'TheGreatHippo','3'
'xebo','1'
'lexnaturalis','1'
'bwhoback','1'
'ThePeoplesBard','1'
'bathroomstalin','3'
'TheWhitePianoKey','1'
'kerred','1'
'biproberts','1'
'amandasmaaash','2'
's3dat3d_','1'
'mungis','1'
'b398ii_tech12','1'
'xdig2000','1'
'Gr1pp717','1'
'issamaysinalah','1'
'muahaha_ahaha','1'
'marleycion','1'
'Octodull','1'
'bassplayer02','1'
'mo_feezy','1'
'stevensdn','1'
'took_my_time','1'
'DigitalMinded','1'
'gnarvin','1'
'KingOfAwesometonia','1'
'Popopopper123','1'
'innernationalspy','1'
'thar_','1'
'loki2002','1'
'snoharm','1'
'JimmyLegs50','1'
'Need_Advice84','1'
'internetisdoomed','1'
'novalsi','1'
'517634','1'
'Martin_WK','1'
'goatsanddragons','1'
'oldham_alex','1'
'Agent_00Apple','2'
'rro99','1'
'NEW_ZEALAND_ROCKS','1'
'lasercow','1'
'AaronSarm','1'
'ragwell','1'
'Z0di','1'
'wonderful_wonton','1'
'SmarterThanEveryone','1'
'road_kill_ryan','1'
'Forgototherpassword','1'
'Nanasays','1'
'Chewchoo','1'
'MDPacker04','1'
'noobian_','1'
'tepkel','1'
'Cortye','1'
'SpankWhoWithWhatNow','1'
'Thevents','1'
'Ryannnnnn','1'
'BeartrapSandwich','1'
'Useless','1'
'Bobblefighterman','2'
'QuodEratDemo','1'
'-ah','1'
'tabris','1'
'GhostshipDemos','1'
'CornflakeJustice','1'
'RandomName01','1'
'T1mac','1'
'ThatFag','1'
'CalebEatsPie','1'
'mcsparklenuts','1'
'kushxmaster','1'
'timpster1','2'
'Darkromani','1'
'PM_ME_THE_BEST_STORY','1'
'radaghastdaclown','1'
'FowD9','1'
'MikiLove','1'
'joeknowswhoiam','1'
'Kyouka127','1'
'justbecausewhynot','1'
'wutshappening','1'
'Greyhaven7','2'
'LoneRonin','1'
'demiurgent','2'
'Yeti_Poet','1'
'BOWBOWBOWBOW','1'
'RedditRage','1'
'buckygrad','1'
'lopix','3'
'foobar5678','1'
'oosuteraria-jin','2'
'chopsticktoddler','1'
'dtpistons04','1'
'HokumGuru','1'
'tedgag','1'
'pineapplecharm','1'
'Hot_Zee','1'
'Camtreez','1'
'davehk','2'
'aceinthehole45','1'
'wayne_fox','1'
'BrassyBrassiere','1'
'Arehera','1'
'NellNes','1'
'krrt','1'
'72APTU72E','1'
'takeme2infinity','1'
'mrlanious','1'
'AndyOB','1'
'Gorilla__Tactics','1'
'sikosmurf','1'
'QuintessentialQuin','1'
'Dyl-man','1'
'Anon_Amous','1'
'I_NEED_YOUR_COOKIES','2'
'jrizzle88','1'
'zugi','4'
'Monkey_Tennis','2'
'ToxicMonkeys','1'
'BQKazoo','1'
'DasWraithist','1'
'WahWitchit','1'
'leftaab','1'
'cal1frag','1'
'Nanemae','1'
'MiowaraTomokato','1'
'Barry_Scotts_Cat','2'
'SlapHappyRodriguez','1'
'Proditus','1'
'probablytoohigh','2'
'Drdickles','1'
'Dark-tyranitar','4'
'xfkirsten','1'
'ColombianHugLord','1'
'WhyDontJewStay','1'
'HumanPersonMan','1'
'Cashrunner','1'
'The_Revolutionary','1'
'etceteraw','1'
'jhd3nm','1'
'atriax','1'
'alien122','1'
'FuckinAwkward','1'
'catskul','1'
'GreatNorthWeb','1'
'rDr4g0n','1'
'plazman30','1'
'frausting','2'
'TinFoilWizardHat','1'
'squirrelpotpie','2'
'Iznik','1'
'Szos','1'
'freudian_blowjob','1'
'HunterTAMUC','1'
'beefcheese','1'
'jakj','1'
'moeburn','1'
'livemau5','2'
'andrewober','1'
'Skyfeltsteps','5'
'tux_kittie','1'
'comicsnerd','1'
'sommerfugl','1'
'Lorrewl','1'
'zorak303','1'
'TROPiCALRUBi','1'
'brikelo','1'
'throwitforscience','1'
'ColonelRuffhouse','1'
'makkawaffel','1'
'eldred2','3'
'doesnotgetthepoint','1'
'ilovetohappen','1'
'HanseiKaizen','1'
'WalshGuy420','1'
'baconandicecreamyum','1'
'secunda','1'
'mektel','1'
'ILikePornInMyMouth','1'
'pillsonly','1'
'Marz-_-','1'
'dirtymick','1'
'minercrafter2','1'
'Psythik','1'
'esp735','1'
'lightningdays','1'
'Echelon64','1'
'Parthalon','1'
'TylerOrtega1500','1'
'P-01S','2'
'0o-FtZ','1'
'TwoFiveEightZero','1'
'rngl0rd','1'
'Shadydave','1'
'lobsterhead','1'
'glacialcalamity','1'
'Jokkerb','1'
'dIoIIoIb','2'
'ttafp','1'
'AllDepressedChips','1'
'LeftHandedGraffiti','2'
'Puppytron','2'
'shills_will_hate_me','1'
'ifightwalruses','1'
'SpaceFloow','1'
'trashcollect','1'
'hassafrass','1'
'TheSicks','1'
'Tutush','1'
'BZJGTO','1'
'BendoverOR','1'
'Inkthinker','1'
'Mack1993','1'
'scribbling_des','1'
'Sc4r4byte','1'
'MisterMagicka','1'
'Adoia','1'
'FreddyJackson69','1'
'firewall245','1'
'That_Film_Guy','1'
'HecticHeretic','1'
'Batatata','1'
'Slenderauss','2'
'RadiantSun','1'
'TheAnswerBeing42','1'
'Atario','1'
'YourLocalWeatherMan','1'
'ultimatt42','1'
'pestilicus','1'
'd_rob','1'
'OhManThisIsAwkward','3'
'ryebrye','1'
'SinServant','1'
'dyvathfyr','3'
'Pentdad','1'
'zonkobonko','2'
'jirble2','1'
'ciarara','1'
'PsychMedConnoisseur','1'
'wizardcats','1'
'mistersausage','1'
'Akesgeroth','1'
'Zargone','1'
'jimbro2k','1'
'ztsmart','1'
'DownVotingCats','1'
'ropedangler','1'
'Heidnik','1'
'riverosbornedrifter','1'
'razether00f','2'
'phatamorgana','2'
'gn0v0s','15'
'universaladaptoid','1'
'jimofwales','1'
'springbreakbox','1'
'djgump35','1'
'MrPajamaShark','1'
'Fealiks','1'
'Slyp','1'
'shodanx','1'
'Aa5bDriver','1'
'AnotherMasterMind','1'
'NicoHollis','1'
'TEARANUSSOREASSREKT','1'
'ZigZag3123','1'
'oonniioonn','1'
'Mrs_Brisby','1'
'Rolandofthelineofeld','1'
'Dustin-','2'
'derpturtles','1'
'TheRealDeal360','1'
'Imapopulistnow','1'
'dangerdark','1'
'tobyps','1'
'ThatLunchBox','2'
'Guy_Faux','1'
'Iamfullyshibe','1'
'swimsinflatwater','1'
'GenericUsernameLol','1'
'Man_of_Many_Voices','1'
'McKnitwear','1'
'Vandechoz','1'
'joewaffle1','1'
'Sir_Teacup','1'
'MrMetalfreak94','1'
'Fuck_the_admins','1'
'twelveinchtyrone','1'
'langleyi','1'
'trainmahon','1'
'ILL_Show_Myself_Out','1'
'panda_bear_','1'
'Fluffymufinz','1'
'AssCrackBanditHunter','1'
'BurnZ_AU','1'
'VeritasAbAequitas','2'
'BearsWithGuns','2'
'Archyes','1'
'kidhumbeats','1'
'KapiTod','1'
'Wargizmo','1'
'ideashavepeople','1'
'billtheangrybeaver','1'
'dapea','1'
'2Cthulhu4School','1'
'MistaBarnacles','1'
'DeFex','1'
'sisonp','1'
'Lou_do','1'
'JohnKinbote','1'
'jodansmif','2'
'JigeloSensei','1'
'whydoIevenexist','1'
'PugSpaceProgram','1'
'caltheon','1'
'sammysurfer2','1'
'NoShit_Sherlock85','1'
'theintention','1'
'cheetosnfritos','1'
'marktx','2'
'hydrogen_wv','1'
'TittilateMyTasteBuds','1'
'jordaniac89','1'
'whateversclever13','1'
'bgarza18','1'
'Gnet78','1'
'Wsntme','1'
'captainAwesomePants','1'
'Oatleez','1'
'vbullinger','1'
'Chillaxbro','1'
'FlowerInADarkRoom','1'
'michaelshow','1'
'skirrellyjones','2'
'beelzeflub','1'
'ManFromAnAntiqueLand','1'
'tnturner','1'
'Hibew','1'
'second-last-mohican','3'
'Juggernog','1'
'NewtonianCooking','1'
'BigQuestionsComing','1'
'droidtime','1'
'Fake_William_Shatner','3'
'sniper989','1'
'aquoad','1'
'TammyK','1'
'_addo_','5'
'HJonGoldrake','2'
'JustLoggedInForThis','1'
'shakerattleandrollin','1'
'philly_fan_in_chi','1'
'SophisticatedVagrant','1'
'eoeou','1'
'blackwidow_211','1'
'mrgonzalez','1'
'Grifter42','1'
'Dyamalos','1'
'demandamanda','1'
'SteelToe_Cowboy','2'
'GrayManTheory','1'
'Tinkle84','1'
