'AnxietyMan','1'
'kleecksj','1'
'I_NEED_YOUR_COOKIES','2'
'MiowaraTomokato','1'
'Dark-tyranitar','4'
'PleaseRespectTables','1'
'Nozame','1'
'AllfatherPidgeon','3'
'Kromgar','1'
'takeAStepNImOnMyWay','1'
'fatfook','1'
'TheBold','1'
'mburke6','1'
'school_o_fart','1'
'GreatNorthWeb','1'
'frausting','2'
'Skyfeltsteps','3'
'htallen','1'
'fadetoblack1004','1'
'SageWaterDragon','1'
'Creshal','1'
'Calamity701','1'
'hockeyandlegos','1'
'gibsoncoca','1'
'Filly_Fally','1'
'Darth_Nacho','1'
'AcidCyborg','1'
'dirtymick','1'
'OMGSPACERUSSIA','1'
'PunishableOffence','1'
'Blue_Dragon360','1'
'RalphNLD','1'
'lasyke3','1'
'fluffyspidernuts','1'
'AlexanderTheJustOk','1'
'TwoFiveEightZero','1'
'dtpistons04','1'
'mecaenas','1'
'nermid','2'
'dIoIIoIb','1'
'rustajb','1'
'LeftHandedGraffiti','1'
'shills_will_hate_me','1'
'ifightwalruses','1'
'Shimasaki','1'
'BendoverOR','1'
'kit8642','1'
'LilSebastiensGhost','1'
'AnotherClosetAtheist','2'
'HunterSThompson_says','4'
'ThatBigHorsey','1'
'Batatata','1'
'broconsulate','1'
'Rench27','1'
'Alexi_Bosconovich','1'
'nankerjphelge','1'
'TTheorem','3'
'riverosbornedrifter','1'
'Fake_William_Shatner','2'
'CaptainBayouBilly','1'
'ReadsSmallTextWrong','1'
'Infinitopolis','1'
'ShellOilNigeria','1'
'Rolandofthelineofeld','1'
'bassplayer02','1'
'Imapopulistnow','1'
'nprovein','1'
'ThatLunchBox','2'
'TheInkerman','1'
'MrMetalfreak94','1'
'Martin_WK','1'
'PCGAMERONLY','2'
'AssCrackBanditHunter','1'
'AaronSarm','1'
'wonderful_wonton','1'
'InternetBodhisattva','1'
'DeFex','1'
'ButterflyAttack','3'
'Thevents','1'
'Paulentropy','1'
'ReadReRead','1'
'xiMbd03u1','1'
'whateversclever13','1'
'timpster1','2'
'MDO4KD','1'
'mHtt','1'
'vbullinger','1'
'HokumGuru','1'
'Allahsus','1'
'Hibew','1'
'GeorgeClooneysToupee','1'
'jmerridew124','1'
'getomit','1'
'Middleman79','1'
'HJonGoldrake','1'
'kulkke','1'
'deviantsource','1'
'second-last-mohican','1'
'GrayManTheory','1'
'TheDirtWizard','3'
